App Name,App ID,Policy URL
app,com.newegg.app,https://kb.newegg.com/knowledge-base/privacy-policy-o/
yomuyomu,org.sinamon.yomuyomu,https://yomuyomu.app/legal
HungrySharkEvolution,com.fgol.HungrySharkEvolution,https://legal.ubi.com/privacypolicy
numbers,com.kahoot.numbers,https://kahoot.com/privacy-policy
portable,com.monect.portable,https://www.monect.com/privacy-policy/
ahakanji,com.ahancer.ahakanji,https://ahancer.com/kanjicard-tc.html
android,com.livhub.android,http://h5.ihubgo.info/privacyPolicy.html
communication,com.dailylife.communication,https://cast0nate011.wixsite.com/privacyen
music,com.spotify.music,https://www.spotify.com/legal/privacy-policy/
android,com.twitter.android,http://twitter.com/privacy
drops.learn.learning.speak.language.japanese.kanji.katakana.hiragana.romaji.words,com.languagedrops.drops.learn.learning.speak.language.japanese.kanji.katakana.hiragana.romaji.words,https://languagedrops.com/privacypolicy.html
numero,com.esim.numero,https://www.numeroesim.com/privacy-policy/
android.app,io.loudplay.android.app,http://dl.loudplay.ru/l/vfq/common/offer/userAgreement.en.html
NGP.TooHotToHandle2,com.netflix.NGP.TooHotToHandle2,https://netflix.com/privacy
b2b.speedy.trade,com.madeinchina.b2b.speedy.trade,https://m.made-in-china.com/app/privacy?supportGDPR=1&lan=en&appName=speedybuyer
fallbuddies,com.kitkagames.fallbuddies,https://www.scopely.com/en/legal?id=privacy
unofficalcupoftheleaderboard,markus.wieland.unofficalcupoftheleaderboard,https://sowiemarkus.github.io/datenschutz/index.html
monopolygo,com.scopely.monopolygo,https://scopely.com/privacy/
shimmer,net.xiaohuashu.shimmer,http://xiaohuashu.net/privacypolicy.html
j5a,com.lulilanguages.j5a,https://termsfeed.com/privacy-policy/b188b3fa24ba2c101681dd03104a5bd4
android,org.plus18.android,https://www.18plusbrowser.com/privacy.html
hotpursuit,se.raketspel.hotpursuit,https://www.raketspel.se/privacy.html
cloudgame.platform,com.cga.cloudgame.platform,https://sites.google.com/view/privacy-policy-niuniu-studio/
bofa,com.infonow.bofa,https://www.bankofamerica.com/privacy/overview.go
livewallpaper.england,com.androidwasabi.livewallpaper.england,https://sites.google.com/site/androidwasabi/home/privacy
fruitninjafree,com.halfbrick.fruitninjafree,https://www.halfbrick.com/pp
number.puzzle,com.appcraft.number.puzzle,https://docs.appsyoulove.com/policies/privacy-policy/
planner.starnest,journal.notes.planner.starnest,https://starnestsolution.com/calendar/privatepolicy
diarywithlock,com.happyverse.diarywithlock,https://fundeasy.in/diary-privacy-policy/
myhotpotstroy.abroad,com.lxqd.myhotpotstroy.abroad,http://www.subzero7.cn/PrivacyPolicy_us.html
kidsplace,com.kiddoware.kidsplace,https://kiddoware.com/kids-place-privacy-policy/?lang=en
kids,com.footlocker.kids,https://www.kidsfootlocker.com/help/privacy-statement.html
b2b.trade,com.madeinchina.b2b.trade,https://m.made-in-china.com/app/privacy
heychina,com.eup.heychina,https://eupgroup.net/apps/heychina/terms.html
challenge,com.gratitude.challenge,https://365gratitudejournal.com/privacy/index.html
app,com.devhao2learn.app,https://hao2learn.com/privacy.html
truthordare,com.nixgames.truthordare,https://nixgames45.blogspot.com/2021/09/truth-or-dare-privacy-policy.html
android.youtube,com.google.android.youtube,http://www.google.com/policies/privacy
,io.whatismynumber,https://whatismynumber.io/policy/privacy
messenger,org.telegram.messenger,https://telegram.org/privacy
merge,com.puzzle.merge,http://www.cardmania.top/static/page/pp.html
englishcounties,com.asmolgam.englishcounties,https://asmolgam.com/privacy/
nt.android.app1,uk.org.nt.android.app1,https://www.nationaltrust.org.uk/features/privacy-policy
lock.mood.daily,diary.journal.lock.mood.daily,https://simpledesign.ltd/privacypolicy.html?pkg=diary.journal.lock.mood.daily
jpnews,mobi.eup.jpnews,https://eupgroup.net/privacy-easy-japanese/
app.id_BrDtBG7PIX,co.tapcart.app.id_BrDtBG7PIX,http://americantall.com/pages/privacy-policy-webpage-version
android.onsen_en,net.kairosoft.android.onsen_en,http://kairopark.jp/android/priv.html
grammarific.englishamerican,com.pronunciatorllc.grammarific.englishamerican,https://bluebirdlanguages.com/bluebird-languages-privacy-policy/
clashofclans,com.supercell.clashofclans,https://supercell.com/en/privacy-policy/
kanjistudy,com.mindtwisted.kanjistudy,http://kanjistudyapp.com/policy.html
mood.tracker.diarywithlock,diary.journal.mood.tracker.diarywithlock,https://bestvideoappstudio.com/DIARY_PrivacyPolicy.html
newspike,com.netease.newspike,https://protocol.unisdk.easebar.com/release/latest_v475.html
cards,com.chineasy.cards,https://www.chineasy.com/privacy/
,com.ww18PlusBrowser_15935711,http://www.appsgeyser.com/privacy/app/
,com.greateranglia,http://www.greateranglia.co.uk/home/privacy-policy
cookingmadness,com.biglime.cookingmadness,https://www.zenlifegames.com/privacy-policy
hotslide,com.tapcheer.hotslide,http://www.tapcheer.com/support/hot-slide/
scorekeeper,ua.napps.scorekeeper,https://sites.google.com/view/score-counter-privacy-policy/home
video,org.pbskids.video,https://pbskids.org/privacy/
cloudgames.community,com.joyark.cloudgames.community,https://web.joyark.com/privacyPolicy
PCTycoon2Pro,com.InsignisGames.PCTycoon2Pro,https://doc-hosting.flycricket.io/pc-tycoon-2-pro-privacy-policy/42c8da80-d42b-444d-bb8b-063ddf6c5ab8/privacy
virtualLeaderboard,com.crazykoder.virtualLeaderboard,https://virtual-leaderboard.crazykoder.dev/privacy.html
,com.ww18PlusBrowser_14870445,http://www.appsgeyser.com/privacy/app/
results,com.sofascore.results,https://www.sofascore.com/privacy-policy/
dinochinese,com.imayi.dinochinese,https://yateland.com/privacy/
android.apps.photos,com.google.android.apps.photos,http://www.google.com/policies/privacy
mergenumberblocks,com.tinybird.mergenumberblocks,https://funtapcorp.vn/bao-mat
freefiremax,com.dts.freefiremax,https://content.garena.com/legal/pp/pp_en.html
eng,com.radiomaria.eng,https://radiomariaengland.uk/privacy-policy/
android,com.snapchat.android,http://www.snapchat.com/privacy
production,com.sgiggle.production,http://www.tango.me/privacy-policy/
billionairestories,org.nanobit.billionairestories,https://www.nanobit.com/privacy-policy/
hotnspicy,com.indolj.hotnspicy,https://hot-nspicy.com/privacy-policy
avod.thirdpartyclient,com.amazon.avod.thirdpartyclient,http://www.amazon.com/gp/help/customer/display.html?nodeId=468496
italk.zh,com.atistudios.italk.zh,https://www.mondly.com/privacy
mini.native,com.opera.mini.native,http://www.opera.com/privacy
journal,com.planner.journal,https://planwiz.app/privacy-policy.html
orca,com.facebook.orca,https://m.facebook.com/policy.php
vlc,org.videolan.vlc,https://www.videolan.org/vlc/privacy.html
android.calendar,com.google.android.calendar,http://www.google.com/policies/privacy
android.apps.authenticator2,com.google.android.apps.authenticator2,http://www.google.com/policies/privacy
inbound.walk,com.navitime.inbound.walk,https://static.japan.travel.navitime.com/contents/html/general/privacy/privacy_en.html
,com.chineseskill,https://www.chineseskill.com/privacypolicy-html
tabiko,com.fastjapan.tabiko,https://www.inbound-platform.com/en/privacy/
,com.sewayou,https://www.SewaYou.com/privacy
textfree,com.pinger.textfree,http://www.pinger.com/privacy-policy/
hotshotcasino,com.williamsinteractive.hotshotcasino,https://www.sciplay.com/terms-of-service/#!/privacy
jpfree,com.mosalingua.jpfree,https://www.mosalingua.com/app-privacy
,ai.blush,https://blush.ai/legal/privacy
android.GoogleCamera,com.google.android.GoogleCamera,http://www.google.com/policies/privacy
android.contacts,com.google.android.contacts,http://www.google.com/policies/privacy
hillclimb,com.fingersoft.hillclimb,http://www.fingersoft.com/privacy.html
mykidsplace,com.cancriesolutions.mykidsplace,https://mykidsplace.store/#/site/privacy-policy
raider,com.skype.raider,http://www.skype.com/go/privacy
chinesewriterlite,com.molatra.chinesewriterlite,http://www.trainchinese.com/v2/mprivacy.php
NGP.TooHotToHandle3,com.netflix.NGP.TooHotToHandle3,https://netflix.com/privacy
uk.vpn,com.karastm.uk.vpn,http://allenmax.atwebpages.com/policy/karastm/UK_VPN.html
Wagotabi,com.WagotabiLimited.Wagotabi,https://www.wagotabi.com/privacy-policy
hotrodmag,com.ten.hotrodmag,https://www.motortrend.com/privacy-policy/
TeleWeb104394,com.ProfitStars.TeleWeb104394,https://www.bankofengland-ar.com/privacy-policy
android.apps.docs,com.google.android.apps.docs,http://www.google.com/policies/privacy
apps.user.android,com.avinty.apps.user.android,https://avinty.com/privacy-policy
android,com.zulily.android,
android,com.vpnplus18.android,https://www.18plus.tech/privacy
hyperdroid,com.binary.hyperdroid,https://github.com/windows-ui/ProjectHyperDroid/tree/main/PrivacyPolicy
android.deskclock,com.google.android.deskclock,http://www.google.com/policies/privacy
app,co.hinge.app,https://hinge.co/privacy
appmanager,com.microsoft.appmanager,http://go.microsoft.com/fwlink/?LinkID=248686
nesuper,com.dv8games.nesuper,https://www.freeprivacypolicy.com/live/2dd73ea2-4561-4711-b390-4dc63d7a175a
livingroom,com.imdbtv.livingroom,https://www.primevideo.com/terms
mypaandroid,com.passportamerica.mypaandroid,https://passportamerica.com/privacy
android.eris,com.mobile.android.eris,https://www.erisdating.com/view/company/terms.html
enduser,com.connect.enduser,https://isa.hik-connect.com/views/terms/hct/newPrivacyPolicy.html
android.dialer,com.google.android.dialer,http://www.google.com/policies/privacy
android,com.macys.android,https://customerservice-macys.com/articles/macys-and-macyscom-notice-of-privacy-practices
england_national_football_team_wallpaper,com.zhenkolist.england_national_football_team_wallpaper,https://zhenkolist.blogspot.com/2023/01/zhenkolist-apps-privacy-policy.html
,com.duolingo,https://www.duolingo.com/privacy
android.googlequicksearchbox,com.google.android.googlequicksearchbox,http://www.google.com/policies/privacy
baba,com.rovio.baba,https://www.rovio.com/privacy
xtian.journal,com.bzn.xtian.journal,https://bizchineseapp.com/xtian-journal-terms.php
android.apps.chromecast.app,com.google.android.apps.chromecast.app,https://policies.google.com/privacy
vne,com.visitwidget.vne,https://visitwidget.com/privacy-policy/
gp.fifamobile,com.ea.gp.fifamobile,http://privacy.ea.com/en
farmheroessaga,com.king.farmheroessaga,https://king.com/privacyPolicy
app,ru.loveplanet.app,http://loveplanet.ru/a-conditions/en
mobile.bible.android,com.sirma.mobile.bible.android,https://www.bible.com/privacy
thehotyogaspot,com.fitnessmobileapps.thehotyogaspot,https://www.mindbodyonline.com/privacy-policy
mobilebenefits.h117,com.lighthouse1.mobilebenefits.h117,https://healthnewengland.org/notice-of-privacy-practices
android,com.torrid.android,http://www.torrid.com/torrid/customer-service/about-torrid/td-customerservice-abouttorrid-privacyresponsibility.html
,com.bunpoapp,https://bunpo.app/privacy.html
android.apps.magazines,com.google.android.apps.magazines,http://www.google.com/policies/privacy
life_in_the_uk_test,net.briceventures.life_in_the_uk_test,https://lifeintheuktestapp.co.uk/privacy-policy
tcpmobileapp,com.childrensplace.tcpmobileapp,https://www.childrensplace.com/us/help-center/policies/PrivacyPolicy
faceshow,com.guochao.faceshow,https://www.buzzcast.buzz/privacyPolicy
,partl.Diarium,https://diariumapp.com/privacypolicy
idma,com.idealmatch.idma,https://www.irisdating.com/privacy-policy
patpat,com.interfocusllc.patpat,http://www.patpat.com/privacy
android,app.getjrpass.android,https://getjrpass.com/privacy-policy/
revolution,com.kse.revolution,https://www.mlssoccer.com/legal/privacy-policy
app.ena,io.tixngo.app.ena,https://www.englandnetball.co.uk/privacy-policy/
app.id_DRDAhmtAQf,co.tapcart.app.id_DRDAhmtAQf,https://www.americanfighter.com/policies/privacy-policy
android.onsen2,net.kairosoft.android.onsen2,http://kairopark.jp/android/priv.html
lvoverseas,com.lemon.lvoverseas,https://sf16-draftcdn-sg.ibytedtos.com/obj/ies-hotsoon-draft-sg/capcut/via_clause_privacy_policy_en.html
office.officehubrow,com.microsoft.office.officehubrow,http://go.microsoft.com/fwlink/?LinkID=507380
brawlstars,com.supercell.brawlstars,https://supercell.com/en/privacy-policy/
kawaiidungeon,de.mardukcorp.kawaiidungeon,https://kawaiinihongo.de/?page_id=78
android.gm,com.google.android.gm,http://www.google.com/policies/privacy
numbers123.tracing,com.gamesforkids.numbers123.tracing,https://gunjanappstudios.com/privacy-policy/
android,com.soundcloud.android,http://soundcloud.com/pages/privacy
beta,ph.spacedesk.beta,https://spacedesk.net/privacy-policy/
android.apps.nbu.files,com.google.android.apps.nbu.files,http://www.google.com/policies/privacy
diary.mood.journal,com.daily.diary.mood.journal,https://4thfloorapps.com/diary-privacy-policy.html
android.easyMover,com.sec.android.easyMover,https://www.samsung.com/us/account/privacy-policy/
zahlenspielpro.lars,com.kila.zahlenspielpro.lars,https://lars3n95.github.io/#pp
bluebird.englishamerican,com.pronunciatorllc.bluebird.englishamerican,https://bluebirdlanguages.com/bluebird-languages-privacy-policy/
xhs,com.xingin.xhs,https://agree.xiaohongshu.com/h5/terms/ZXXY20230227002/-1
,com.leaderboardgolf,https://www.leaderboardgolf.co/privacy-policy
android.an,com.mochimochi.android.an,https://mochidemy.com/privacy-and-policy/
mobilesecurity,com.symantec.mobilesecurity,https://www.nortonlifelock.com/privacy/gps-english
android.apps.photosgo,com.google.android.apps.photosgo,http://www.google.com/policies/privacy
,com.waze,http://www.waze.com/legal/privacy/
legends,com.mobile.legends,https://m.mobilelegends.com/news/articleldetail?newsid=2690279
android.acctsvcs.us,com.americanexpress.android.acctsvcs.us,https://www.americanexpress.com/us/content/legal-disclosures/online-privacy-statement.html
daveshotchicken,com.mobile.daveshotchicken,https://www.daveshotchicken.com/privacy-policy/
real.golf.rival.online,com.sports.real.golf.rival.online,https://www.take2games.com/privacy
,com.welcometokyoevents,https://www.wix.com/about/privacy
diary.time.lock,com.lp.diary.time.lock,https://sites.google.com/view/momentdiary/%E9%A6%96%E9%A1%B5
psxandroid,com.scee.psxandroid,https://www.playstation.com/legal/privacy-policy/
,com.discord,https://discordapp.com/privacy/
EndlessNumbers,com.originatorkids.EndlessNumbers,http://originatorkids.com/corporate/privacypolicy/
aliexpresshd,com.alibaba.aliexpresshd,http://terms.alicdn.com/legal-agreement/terms/suit_bu1_aliexpress/suit_bu1_aliexpress201909171350_82407.html
chinadaily,com.theotino.chinadaily,https://enapp-comment.chinadaily.com.cn/comment/api/static/html/PrivacyPolicy.html
proclubmanager1,com.encode.proclubmanager1,http://justdreamapps.com/proprivacypolicy.html
number.sums.puzzle,com.easybrain.number.sums.puzzle,https://easybrain.com/privacy
android,com.pushbullet.android,https://help.pushbullet.com/articles/play-store-privacy-policy/
vcnc.android.couple,kr.co.vcnc.android.couple,https://between.us/policy/privacy/
,com.oceansecondnum,https://mobileocean.co/2ndlineprivacy/
android.steam.community,com.valvesoftware.android.steam.community,http://store.steampowered.com/privacy_agreement/
number.match.pethereum,com.loop.number.match.pethereum,https://loopgames.net/privacy
ling.en,com.simyasolutions.ling.en,https://ling-app.com/privacy-policy/
ui,com.target.ui,http://www.target.com/c/target-privacy-policy/-/N-4sr7p
pcbuilder,com.indraanisa.pcbuilder,https://sites.google.com/view/pcbuilderpolicy/
android.soccer.news.england,com.kenwa.android.soccer.news.england,https://football-news.netlify.app/policy/news-england.html
browser,com.opera.browser,https://www.opera.com/privacy
android.apps.kids.familylink,com.google.android.apps.kids.familylink,https://www.google.com/policies/privacy
diary.mood.tracker.moodpress,com.selfcare.diary.mood.tracker.moodpress,https://www.yoobool.com/moodpress/privacy
intl,com.UCMobile.intl,https://img.ucweb.com/s/uae/g/3o/ucwebptc/suit_bu1_uc202007241608_71682_04.html
katana,com.facebook.katana,https://www.facebook.com/about/privacy/
tradingviewapp,com.tradingview.tradingviewapp,https://www.tradingview.com/privacy-policy/
spacemafia,com.innersloth.spacemafia,https://www.innersloth.com/privacy.php
android.ANMP.GloftDYHM,com.gameloft.android.ANMP.GloftDYHM,http://www.gameloft.com/en/privacy-notice
jupiter,com.inspiredsquare.jupiter,http://www.inspiredsquare.com/games/privacy_policy.html
android.apps.subscriptions.red,com.google.android.apps.subscriptions.red,http://www.google.com/policies/privacy
woober,and.lihuhu.woober,https://lihuhugames.com/privacy-policy/
android.ANMP.GloftA8HM,com.gameloft.android.ANMP.GloftA8HM,http://www.gameloft.com/privacy-notice/
GamesInOneWatchGames,com.MustBeFun.GamesInOneWatchGames,https://sites.google.com/view/gio-watchgames-privacypolicy/home
ap,es.hskfree.ap,https://khanjischool.com/terms-of-use-privacy
drops.learn.learning.speak.language.english.american.us.usa.words,com.languagedrops.drops.learn.learning.speak.language.english.american.us.usa.words,https://languagedrops.com/privacypolicy.html
journal.lock.mood.tracker.free.secret,mydiary.diary.journal.lock.mood.tracker.free.secret,https://daylio.net/privacy-policy
klotski.riddle,com.dopuz.klotski.riddle,https://sites.google.com/site/dopuzgames/privacy-policy
nhk.nhkworld.tv,jp.or.nhk.nhkworld.tv,https://www3.nhk.or.jp/nhkworld/en/terms/privacy/
rdc.androidx,com.microsoft.rdc.androidx,https://go.microsoft.com/fwlink/?LinkId=521839
yomiwa,com.yomiwa.yomiwa,http://www.yomiwa.net/privacy/android/
android.apps.youtube.kids,com.google.android.apps.youtube.kids,http://www.google.com/intl/en/policies/privacy/
juggle,com.block.juggle,https://hungrystudio.com/privacyus.html?utm_source=googleplay&utm_medium=referral&utm_campaign=visitwebsite
app.im,me.dingtone.app.im,https://www.dingtone.me/privacy_policy.html
android,com.vkontakte.android,https://vk.com/privacy
blek,io.appground.blek,https://appground.io/privacy
yjteam.dailynote,kr.co.yjteam.dailynote,http://yjteam.co.kr/privacy/dailynote.html
freefireth,com.dts.freefireth,https://content.garena.com/legal/pp/pp_en.html
app,io.usersense.app,https://www.usersense.io/privacy-statement
HomeOffice.ho3,uk.gov.HomeOffice.ho3,https://www.gov.uk/government/publications/electronic-travel-authorisation-eta-privacy-information-notice
downloader,videoplayer.videodownloader.downloader,https://deepthought.industries/privacypolicy.html?pkg=videoplayer.videodownloader.downloader
asair,com.tranetechnologies.asair,https://asairhome.com/privacy_policy
MobControl,com.vincentb.MobControl,https://www.voodoo.io/privacy
wayfair,com.wayfair.wayfair,https://www.wayfair.ca/customerservice/general_info.php#privacy
teams,com.microsoft.teams,https://aka.ms/privacy
dls7,com.firsttouchgames.dls7,https://www.ftgames.com/privacy-policy
app,com.freestufffinder.app,http://www.freestufffinder.com/privacy-policy/
android,com.thredup.android,https://www.thredup.com/privacy-policy
virtualphone,virtualnumber.secondphone.virtualphone,https://getcodeapp.com/page/privacy_policy
hanping.app.pro,com.embermitre.hanping.app.pro,https://hanping.app/privacy
ecards,com.americangreetings.ecards,https://www.bluemountain.com/privacy-policy
,com.pinterest,https://policy.pinterest.com/privacy-policy
game.pvzfree_row,com.ea.game.pvzfree_row,http://privacy.ea.com/en
score_center,com.espn.score_center,https://disneyprivacycenter.com/
diary,com.adpog.diary,https://www.writediary.com/privacypolicy?mobile=1
app,com.picdiary.app,https://picdiary.com/privacy
numberblast,net.happywit.numberblast,https://unicostudio.co/privacy.html
remote,com.roku.remote,https://www.roku.com/about/privacy
pure,com.getpure.pure,https://pure.app/policy/
onlinebanking,org.american1cu.onlinebanking,https://www.american1cu.org/privacy-and-disclosures/privacy-statement
LeagueOne_EN,com.mylogbet.LeagueOne_EN,https://mylogbet.pt/Politica
jal.dom,jp.co.jal.dom,http://www.jal.co.jp/mobile/appli/html/goriyo.html#kojin
android,com.carters.android,http://www.carters.com/privacy/privacy-policy.html
,com.glf,https://www.teamsprt.com/privacy
android,com.robinhood.android,https://robinhood.com/l/privacy
number.puzzle.game,com.easybrain.number.puzzle.game,https://easybrain.com/privacy
england_free,com.app4joy.england_free,https://3dflag.wordpress.com/privacy-policy/
app.im,me.talkyou.app.im,http://talkyou.me/en/privacy_policy.html
,com.jcp,https://www.jcpenney.com/m/privacy-notice
android.apps.tachyon,com.google.android.apps.tachyon,http://www.google.com/policies/privacy
dailychinese,com.mojayllc.dailychinese,https://www.dailychinese.app/privacy_policy/
android.apps.messaging,com.google.android.apps.messaging,http://www.google.com/policies/privacy
,com.whatsapp,https://www.whatsapp.com/legal/privacy-policy
numbers123.toddler.counting.tracing,com.rvappstudios.numbers123.toddler.counting.tracing,http://www.rvappstudios.com/privacy_policy_ABC.php
duchinese,org.sinamon.duchinese,http://www.duchinese.net/privacy_policy.html
minecraftpe,com.mojang.minecraftpe,http://go.microsoft.com/fwlink/?LinkId=521839
carrom,com.miniclip.carrom,https://www.miniclip.com/privacy-policy
release,com.hushed.release,https://hushed.com/privacy-policy/
journal.diary.lock.mood.tracker.free,com.daily.journal.diary.lock.mood.tracker.free,https://www.simpleinnovation.us/diary/privacy-policy
android.play.games,com.google.android.play.games,http://www.google.com/policies/privacy
aimate,com.aichatbot.aimate,https://sc-res.aicreativelabs.co/chat/privacy.html
rdc.android,com.microsoft.rdc.android,https://go.microsoft.com/fwlink/?LinkId=521839
yellowapp,co.yellw.yellowapp,https://www.yubo.live/legal/privacy-policy
languages,com.dotlanguages.languages,https://www.dotlanguages.com/privacy
PCSimulator,com.BStudio.PCSimulator,https://pages.flycricket.io/pc-creator-simulator/privacy.html
chromeremotedesktop,com.google.chromeremotedesktop,https://policies.google.com/privacy
greatamericanrestaurants,com.olo.greatamericanrestaurants,https://order.greatamericanrestaurants.com/privacy-policy
timescity,com.phdmobi.timescity,https://whatshot.in/policy
gratitude.happiness.wellbeing.dailyjournal.journal,grateful.gratefulapp.gratitude.happiness.wellbeing.dailyjournal.journal,https://www.thegratefulapp.com/terms.html
android,com.bestbuy.android,http://www.bestbuy.com/privacy
pdf.reader,com.xodo.pdf.reader,https://xodo.com/privacy
sonicdash,com.sega.sonicdash,https://privacy.sega.com/en/sega-of-america-inc-privacy-policy
royalmatch,com.dreamgames.royalmatch,https://dreamgames.com/en/privacy
OfflineGames,com.JindoBlu.OfflineGames,https://www.iubenda.com/privacy-policy/64629328
android.jasensei,com.japanactivator.android.jasensei,http://www.japan-activator.com/en/public/registration/termsservice
gymmobileapp,com.childrensplace.gymmobileapp,https://www.gymboree.com/us/help-center/policies/PrivacyPolicy
office.outlook,com.microsoft.office.outlook,http://taps.io/outlookprivacy
mobilebanking,com.afcu.mobilebanking,https://www.americafirst.com/about/help/disclosures/card-guard-agreement.html
chrome,com.android.chrome,https://policies.google.com/privacy
,com.ubercab,https://www.uber.com/privacy
jorudan.nrkj,jp.co.jorudan.nrkj,https://www.jorudan.co.jp/company/privacy.html
googleplay.HotWheelsUnlimited,com.budgestudios.googleplay.HotWheelsUnlimited,https://budgestudios.com/en/legal/privacy-policy/
door.inter,com.rym.door.inter,https://sig.doorzo.com/?n=Sig.Front.Front.PrivacyGlobalApp&HideMobileFlag=true&language=en
subwaysurf,com.kiloo.subwaysurf,https://sybogames.com/privacy-policy/
hotfarm,com.beyondcart.hotfarm,https://hotfarm.eu/policies/privacy-policy
renshuu_org,com.renshuu.renshuu_org,https://www.renshuu.org/index.php?page=misc/copyright
chinese,com.immersive.chinese,https://drive.google.com/file/d/1JEJHthqs8uquU3wyPPn4CT4zzOaCsBUD/view?usp=sharing
englandtravelguide,com.happyapplab.englandtravelguide,http://berkekurnaz.com/privacy.html
secondPhone,com.municorn.secondPhone,https://telecom.municorn.com/privacy?app=second-phone
board.number.match,com.neverold.board.number.match,https://neverold.games/privacy-policy/number-match
eighteen_plus,com.shibbir.eighteen_plus,https://sites.google.com/view/eighteenplusapp/home
collectemall,com.tarboosh.collectemall,https://www.voodoo.io/privacy
app,io.n2go.app,https://www.n2go.io/privacy
mm,com.tencent.mm,https://www.wechat.com/mobile/htdocs/en/privacy_policy.html
london.travel.guide,com.etips.london.travel.guide,https://etips.com/privacy-policy/
lovidoo,de.mobiletrend.lovidoo,https://pcdn.yoomee.love/yoomee/en/privacy_en_GB.html
,me.greenlight,https://greenlight.com/privacy/
jump,com.bgg.jump,https://www.magictavern.com/privacy.html
atve.sony.appletv,com.apple.atve.sony.appletv,https://www.apple.com/legal/privacy/en-ww/
alltrails,com.alltrails.alltrails,https://www.alltrails.com/privacy
android.apps.walletnfcrel,com.google.android.apps.walletnfcrel,https://policies.google.com/privacy
uknewspapers,com.tachanfil.uknewspapers,http://terms.munben.com/ing/en
flipline.papashotdoggeriatogo,air.com.flipline.papashotdoggeriatogo,http://www.flipline.com/privacy.html
phrasebook.english.american,com.funeasylearn.phrasebook.english.american,https://www.funeasylearn.com/privacy
uphillnewengland,com.seabirdapps.uphillnewengland,https://www.onespotapps.com/privacy
,com.ihappydate,https://ihappydate.com/policy_EN.html
,com.barcodetopc,https://barcodetopc.com/app-privacy-policy/
firefox,org.mozilla.firefox,https://www.mozilla.org/privacy/firefox/
musically,com.zhiliaoapp.musically,https://www.tiktok.com/legal/privacy-policy
game.nfs14_row,com.ea.game.nfs14_row,http://privacy.ea.com/en
inDriver,sinet.startup.inDriver,https://indrive.com/en-cy/legal
englandsdar,com.apptegy.englandsdar,http://apptegy.com/privacy-policy
android,com.virtunum.android,https://www.onlinesms.app/privacy-and-policy
,flar2.appdashboard,https://appdash.app/app-privacy-policy/
mygolf,org.englandgolf.mygolf,https://www.englandgolf.org/p/app/mygolf-en/privacy-policy
picturebook,com.pplingo.picturebook,https://ebu-ops.lingoace.com/static/aelbookprivacy/index.html
scorecounter,com.szabolcsarvai.scorecounter,https://szabolcsarvai.github.io/scorecounter-web/privacy-policy.html
hotyogahealthyyou,com.fitnessmobileapps.hotyogahealthyyou,https://www.mindbodyonline.com/privacy-policy
number.crush.match.numberzilla.ten.saga.puzzle,com.microjoy.number.crush.match.numberzilla.ten.saga.puzzle,http://microjoygame.com/privacy.html
gamesapp,org.pbskids.gamesapp,http://pbskids.org/privacy/
app,com.kismia.app,https://mobapi.kismia.com/assets/57/privacy-policy.html
twickenham,com.tixserve.twickenham,https://www.englandrugby.com/the-rfu/policies/privacy-notice
lite,com.facebook.lite,https://www.facebook.com/about/privacy/
lifeintheuk,ca.reev.lifeintheuk,https://reev.ca/privacy
flipline.papashotdoggeriahd,air.com.flipline.papashotdoggeriahd,http://www.flipline.com/privacy.html
,com.flirtini,https://www.flirtini.com/staticPage/privacypolicy
one.calculator,all.in.one.calculator,https://www.allinonecalculator.com/privacy
thehotroom,com.fitnessmobileapps.thehotroom,https://www.mindbodyonline.com/privacy-policy
app,com.leaderboardle.app,https://www.leaderboardle.com/tandcs.html
client,com.roblox.client,https://www.roblox.com/info/privacy
builder.creator.building.simulator.game,com.pc.builder.creator.building.simulator.game,https://hyperjoygames.com/hyper-joy-privacy-policy.html
taobao,com.taobao.taobao,https://terms.alicdn.com/legal-agreement/terms/suit_bu1_taobao/suit_bu1_taobao201703241622_61002.html
WordCounter.free,com.lightweight.WordCounter.free,https://sites.google.com/view/tubenoteprivacypolicy/home
hot.popular.com.hotappsnearby,nearby.apps.hot.popular.com.hotappsnearby,http://privacy.hotappsnearby.com
ukmapquiz,com.qbisstudio.ukmapquiz,https://ukmapquiz.qbisstudio.com/
,com.americanHealthMarketplace,https://app.americanhm.org/privacy-policy.html
app,online.smsvirtual.app,https://www.privacypolicygenerator.info/live.php?token=u3ierK4u69BdHWQmCsW2YdNdQDJvt8Eg
kawaiinihongo,de.mardukcorp.kawaiinihongo,https://kawaiinihongo.de/?page_id=78
aomi,com.aomiapp.aomi,https://www.aomijapanese.jp/privacy-policy
mobile.client.android.mail,com.yahoo.mobile.client.android.mail,https://policies.yahoo.com/xw/en/yahoo/privacy/directory/international/index.htm
af,com.squadbuilt.af,https://squadbuilt.com/privacy
mechat,world.playme.mechat,https://playme.pro/info/general_privacy_policy_eng.html
aos.numberone,com.tunupgames.aos.numberone,http://www.tunupgames.com/?detail=pen
app,com.ifriend.app,https://evaapp.ai/app/pp.html
Englandsoccer,com.PecbaGames.Englandsoccer,https://drive.google.com/file/d/1yE6Gcn9SA7d-uIdv0JjipEFwWpTXt-84/view?usp=sharing
fishdomdd.gplay,com.playrix.fishdomdd.gplay,https://www.playrix.com/privacy/index.html
candycrushsaga,com.king.candycrushsaga,https://king.com/privacyPolicy
homescapes,com.playrix.homescapes,https://www.playrix.com/privacy/index.html
videoplayer,video.player.videoplayer,https://inshotapp.com/website/XPlayer/policy2021.html
chat.project_chatter,com.sl.chat.project_chatter,http://sea-privacy.juyihuanqiu.com/gaga-privacy
templerun2,com.imangi.templerun2,http://imangistudios.com/privacy/privacy-policy.htm
il.hotvod,com.applicaster.il.hotvod,https://www.hot.net.il/heb/Products/hot/tv/
,com.mochi_chinese_flutter,https://www.mochidemy.com/privacy-and-policy/
automotive.taxibell,com.dena.automotive.taxibell,https://go.mo-t.com/privacy_app
cloudpc,com.xrcloud.cloudpc,https://www.xrcloud.com/policy/513.html
smartstudy.pinkfong123numbers_android_googlemarket,kr.co.smartstudy.pinkfong123numbers_android_googlemarket,http://www.smartstudy.co.kr/privacy/
Diaro,com.pixelcrater.Diaro,https://diaroapp.com/privacy-policy
hot,com.pro.hot,https://www.hotcoin.com/en_US/support/article?code=11675575043100673
chineseparents.gp,com.cig.chineseparents.gp,https://www.littoralgames.com/s/html/privacy/chineseparents.html
buildcores_android,com.buildcores.buildcores_android,https://github.com/HarshdeepKahlon/buildcores-public/blob/master/PrivacyPolicy.md
candycrushsodasaga,com.king.candycrushsodasaga,https://king.com/privacyPolicy
app,com.manualslib.app,https://www.manualslib.com/app/pp.pdf
miuudiary,com.miuustudio.miuudiary,https://miuunote.site/privacy-policy
android.music,com.apple.android.music,http://www.apple.com/legal/privacy/
township,com.playrix.township,https://www.playrix.com/privacy/index.html
onlinechat.android.video,com.comhub.onlinechat.android.video,https://comhubapp.net/privacy_policy.html
englandgolfapp,org.cleregolfhub.englandgolfapp,https://app.cleregolfhub.com/privacy-policy
mirror,com.apowersoft.mirror,https://www.apowersoft.com/privacy.html
ig,com.tencent.ig,http://pubgmobile.proximabeta.com/privacy.html
cash,com.squareup.cash,https://cash.app/legal/us/en-us/privacy
org,hecate.risefall.org,https://risefall.org/privacy_policy_for_hecate.html
memoir.write.diary,journal.notebook.memoir.write.diary,https://www.ascendik.com/privacy-policy/
gardenscapes,com.playrix.gardenscapes,https://www.playrix.com/privacy/index.html
mediaclient,com.netflix.mediaclient,http://www.netflix.com/privacy
android,com.dropbox.android,https://www.dropbox.com/privacy?mobile=1
textme,com.textmeinc.textme,http://api.textme-app.com/api/support/privacy-policy/android/
chinesesystem,com.pleco.chinesesystem,http://www.pleco.com/privacy.html
HomeOffice.ho2,uk.gov.HomeOffice.ho2,https://www.gov.uk/government/publications/personal-information-use-in-borders-immigration-and-citizenship/borders-immigration-and-citizenship-privacy-information-notice
cnfree,com.mosalingua.cnfree,https://www.mosalingua.com/app-privacy
eightballpool,com.miniclip.eightballpool,https://www.miniclip.com/privacy-policy
threedotscollectemall,and.lihuhu.threedotscollectemall,https://lihuhugames.com/privacy-policy/
EcbCricket,com.othermedia.EcbCricket,https://www.ecb.co.uk/privacy
HotFit,com.device.HotFit,http://1.waitfall123.sinaapp.com/public/DailyFit_g_ch.html
dayone,com.dayoneapp.dayone,https://dayoneapp.com/privacy
android.apps.maps,com.google.android.apps.maps,http://www.google.com/policies/privacy
tileclub,com.gamovation.tileclub,https://www.gamovation.com/legal/privacy-policy.html
callofduty.shooter,com.activision.callofduty.shooter,https://www.activision.com/legal/privacy-policy
english.american,com.funeasylearn.english.american,https://www.funeasylearn.com/privacy
sgameGlobal,com.levelinfinite.sgameGlobal,https://www.honorofkings.com/policy/privacy.html
offlinemaps,net.psyberia.offlinemaps,http://www.offline-maps.net/en/privacy
android,com.walmart.android,https://corporate.walmart.com/privacy-security/walmart-privacy-notice/walmart-app-privacy-notice-quick-links
appsales,net.tsapps.appsales,http://ts-apps.com/privacy/appsales/index.html
android.brand.hottable,com.ce.android.brand.hottable,https://hottable.incentivio.com/termsofuse_android.html
,com.tinder,https://policies.tinder.com/privacy
android,com.takimi.android,https://taimi.com/privacy-policy
omega,com.nike.omega,https://www.nike.com/help/a/privacy-global
DragonCity,es.socialpoint.DragonCity,https://legal.socialpoint.es/privacy
chineseexpert,com.xamisoft.chineseexpert,https://www.xamisoft.com/privacy-policy
ventocom.hofer,com.austrianapps.ventocom.hofer,https://www.hot.at/datenschutz
edu.chinese.hsk.exam,com.tika.edu.chinese.hsk.exam,https://pub.kaka.cn/agreement/privacy/hsk/index1.html
recorder,com.userlytics.recorder,https://resources.userlytics.com/en/terms-of-service-testers/
leaderboard.android,com.investors.leaderboard.android,https://www.investors.com/investors-business-daily-privacy-policy/
,game.allout,https://allout.game/privacy-policy
heyjapan,com.eup.heyjapan,http://eupgroup.net/apps/heyjapan/terms.html
,com.hellochinese,http://www.hellochinese.cc/privacy.html
pccreator2,com.ultraandre.pccreator2,https://creaty.me/pccreator2/privacy-policy.html
phoneasmic,com.totech.phoneasmic,https://sites.google.com/view/micstream-privacy-policy
italk.ja,com.atistudios.italk.ja,https://www.mondly.com/privacy
PCTycoon2,com.InsignisGames.PCTycoon2,https://doc-hosting.flycricket.io/pc-tycoon-2-privacy-policy/6016afd4-7e6d-4446-b0de-3aa18fc1ce45/privacy
ikea.app,com.ingka.ikea.app,https://www.ikea.com/gb/en/customer-service/privacy-policy/
studio.allinhole,com.homagames.studio.allinhole,https://www.homagames.com/privacy
funchinese,com.pumkin.funchinese,https://studycat.com/about/privacy-policy/
,jp.takoboto,http://www.takoboto.jp/privacypolicy/
shadowcloudgaming,com.blade.shadowcloudgaming,https://shadow.tech/privacy-policy
drops.learn.learning.speak.language.chinese.mandarin.hanzi.pinyin.words,com.languagedrops.drops.learn.learning.speak.language.chinese.mandarin.hanzi.pinyin.words,https://languagedrops.com/privacypolicy.html
teamviewer.market.mobile,com.teamviewer.teamviewer.market.mobile,https://www.teamviewer.com/apps-privacy-policy
rosebud,co.justimagine.rosebud,https://help.rosebud.app/about-us/privacy-policy
mirrorclient,com.kelocube.mirrorclient,https://superdisplay.app/help#privacy
diary.journal,com.zlq.diary.journal,https://diarynew-22d80.web.app/privacy_policy.html
android.AlipayGphone,com.eg.android.AlipayGphone,https://ds.alipay.com/fd-ig3hu7fu/index.html
ultimategolf,com.hypgames.ultimategolf,https://www.miniclip.com/privacy-policy
mobile.oldnavy,com.gap.mobile.oldnavy,https://www.gapinc.com/en-us/consumer-privacy-policy
miss.england,com.choicely.miss.england,https://www.missengland.info/privacy-policy/
uno,com.matteljv.uno,https://www.mattel163.com/jumperpp.html
ert,com.tixserve.ert,https://www.englandrugbytravel.com/privacy-policy/
FitbitMobile,com.fitbit.FitbitMobile,http://www.fitbit.com/privacy
hotvegas.slots.vegas.android.free,com.superluckycasino.hotvegas.slots.vegas.android.free,https://superfree.com/privacy-policy/
android,com.aa.android,https://www.aa.com/i18n/customer-service/support/privacy-policy.jsp
,com.truecaller,https://www.truecaller.com/privacy-policy
wabi.virtual_number,com.applaudsoft.wabi.virtual_number,https://www.wabi-app.com/wabi-privacy-policy/
diary,com.bigheadtechies.diary,https://medium.com/daybook/privacy-policy-and-terms-of-service-ba08df82c2a3
atve.androidtv.appletv,com.apple.atve.androidtv.appletv,https://www.apple.com/legal/privacy/en-ww/
android.apps.youtube.music,com.google.android.apps.youtube.music,http://www.google.com/intl/en/policies/privacy/
android.patriots,com.mobile.android.patriots,http://www.patriots.com/footer/privacy-policy
taoli,com.taoliweilai.taoli,https://taolihanyu.com/policies/privacy/en/
leaderboardmobile,com.regancloper.leaderboardmobile,https://www.leaderboardgolfapp.com/privacy
lobstermaniaslots,com.ksgmobileinc.lobstermaniaslots,https://www.lobstermaniaslots.com/privacy-policy
art.coloring.color.number.paint.wolf,com.pixel.art.coloring.color.number.paint.wolf,http://montiapp.com/coloring_games_privacy.html
japanresort,com.universalstudios.japanresort,https://www.nbcuniversal.com/privacy-policies/privacy-japanese?brandA=USJ&intake=Universal_Japan
android.TextNow,com.enflick.android.TextNow,https://www.textnow.com/legal/privacy
hot,si.ventocom.hot,https://www.hot.si/piskotki.html
golf.android,com.playdemic.golf.android,http://privacy.ea.com/en
tokyo.travel.guide,com.etips.tokyo.travel.guide,https://etips.com/privacy-policy/
app,com.journey.app,https://journey.cloud/policy
emmx,com.microsoft.emmx,https://go.microsoft.com/fwlink/?LinkId=521839
wh.thehotbev,com.tryperdiem.wh.thehotbev,https://www.tryperdiem.com/privacy-policy
learnjapaneselanguageguide,com.silvermoonapps.learnjapaneselanguageguide,https://www.luvlingua.com/privacy/privacypolicy_ja_free.html
boo,enterprises.dating.boo,https://boo.world/privacy-policy
kawaii.hotspring,co.imba.kawaii.hotspring,https://imba.co/policy.html
UKCupid,com.mingle.UKCupid,https://uk.innovatedating.com/privacy
,com.strava,https://www.strava.com/privacy
appli.hybrid,com.accor.appli.hybrid,https://all.accor.com/security-certificate/index.en.shtml
hotasana,com.fitnessmobileapps.hotasana,https://www.mindbodyonline.com/privacy-policy
android.apps.adm,com.google.android.apps.adm,http://www.google.com/policies/privacy
,com.superchinese,http://www.superchinese.com/site/privacy
gratitude,com.northstar.gratitude,https://fierce-nut-f17.notion.site/Gratitude-App-Privacy-Policy-40195d1e9f51499c82dc8f7d06ab2a1c
clashroyale,com.supercell.clashroyale,https://supercell.com/en/privacy-policy/
chinese,com.ihuman.chinese,https://www.ihuman.com/oversea/privacy.html
pcparts,com.boulla.pcparts,https://sites.google.com/view/pc-parts-new-privacy-policy/home
periodcalendar,com.popularapp.periodcalendar,https://simpledesign.ltd/privacy/my_calendar.html
mood,com.zerone.mood,https://www.xmzerone.com/about/moodprivacy.html
anyshare.gps,com.lenovo.anyshare.gps,https://web.wshareit.com/cdn/shareit/w/privacy/pr_en.html
fiereck.placar,br.com.fiereck.placar,https://tiagofiereck.github.io/Privacy_Policy-Scorebord.HTML
liukfree,co.spurry.liukfree,http://www.spurry.org/privacy/index.html
launcher,com.microsoft.launcher,http://go.microsoft.com/fwlink/?LinkId=248686
audiodiary,me.audiodiary.audiodiary,https://audiodiary.ai/pp.html
sms,com.texty.sms,https://mightytext.net/privacy
imdb.tv.mobile.app,com.amazon.imdb.tv.mobile.app,https://www.amazon.com/gp/help/customer/display.html?nodeId=201909010&pop-up=1
android.apps.googlevoice,com.google.android.apps.googlevoice,http://www.google.com/policies/privacy
chinese,com.funeasylearn.chinese,https://www.funeasylearn.com/privacy
xboxone.smartglass,com.microsoft.xboxone.smartglass,https://go.microsoft.com/fwlink/?LinkId=521839
mobile,com.ebay.mobile,https://www.ebay.com/help/policies/member-behaviour-policies/user-privacy-notice-privacy-policy?id=4260
DH18141,com.malauzai.DH18141,https://www.amnat.com/privacy-security/
diary.diarywithlock.diaryjournal.secretdiary,mydiary.journal.diary.diarywithlock.diaryjournal.secretdiary,https://mydiary-eb51d.web.app
campandtraveljapan,com.japancampers.campandtraveljapan,https://camp-and-travel-frontend.s3-ap-northeast-1.amazonaws.com/privacy_policy.html
securesms,org.thoughtcrime.securesms,https://signal.org/privacy
second.phone,com.bpmobile.second.phone,https://bpmob.com/secondphone_android/privacy/
chatgpt,com.openai.chatgpt,https://openai.com/policies/privacy-policy
kanaoriginlite,com.kevinzhow.kanaoriginlite,https://diary.producter.app/privacy_ko.html
italk.us,com.atistudios.italk.us,https://www.mondly.com/privacy
writeit.jpn,com.jernung.writeit.jpn,https://jernung.com/privacy
android,com.instagram.android,http://instagram.com/legal/privacy/
hookup.app,down.date.hookup.app,https://downapp.com/privacy
daily.mood.diarywithlock,diary.journal.daily.mood.diarywithlock,https://sites.google.com/view/mydiary-dailyjournal
browser,com.brave.browser,https://brave.com/privacy/
cctv,com.imib.cctv,https://www.cgtn.com/privacy
android,org.khanacademy.android,https://khanacademy.org/about/privacy-policy
android,org.khankids.android,https://www.khanacademy.org/kids/privacy-policy
,com.duolingo,https://www.duolingo.com/privacy
android.apps.classroom,com.google.android.apps.classroom,http://www.google.com/policies/privacy
,com.wonder,https://elevateapp.com/privacy
android,org.coursera.android,https://www.coursera.org/about/privacy
minecraftedu,com.mojang.minecraftedu,https://aka.ms/privacy
mobile.flutter,com.alison.mobile.flutter,https://alison.com/about/terms-of-use?privacy-policy
theteachingapp,com.educate.theteachingapp,https://pages.flycricket.io/educate-0/privacy.html
ixlmath,com.ixl.ixlmath,https://www.ixl.com/privacypolicy
android.h.intelligence,com.education.android.h.intelligence,http://www.gauthmath.com/policy
android,com.classdojo.android,http://www.classdojo.com/privacy
baby.toddler.kids.games.learning.activity,com.rvappstudios.baby.toddler.kids.games.learning.activity,http://www.rvappstudios.com/privacy_policy_ABC.php
mobile,org.edx.mobile,https://www.edx.org/edx-privacy-policy
vocabulary.vocab,com.word.vocabulary.vocab,https://wordsearchgamesinc.com/privacy-policy
photomath,com.microblink.photomath,https://photomath.com/privacypolicy
android.memrisecompanion,com.memrise.android.memrisecompanion,http://www.memrise.com/privacy/
quizletandroid,com.quizlet.quizletandroid,https://quizlet.com/privacy
kahoot.android,no.mobitroll.kahoot.android,https://kahoot.com/privacy-policy
literacy,com.duolingo.literacy,https://www.duolingo.com/abc-privacy
android,com.udemy.android,http://www.udemy.com/static/privacy
moodlemobile,com.moodle.moodlemobile,http://moodle.net/moodle-app-privacy/
,com.getmimo,https://mimo.org/privacy
paw,com.originatorkids.paw,https://www.pawpatrolacademy.com/app/privacy-policy/
,com.logicappkids,https://logiclike.com/en/docs/privacy-app
app,live.gosupernova.app,https://www.getsupernova.ai/privacy-policy
lingokids,es.monkimun.lingokids,https://lingokids.com/privacy-policy
aihomework,com.qianfan.aihomework,https://www.questionai.com/privacy-policy
,co.brainly,https://brainly.com/pages/privacy_policy
,com.hellotalk,https://www.hellotalk.com/privacy-policy
